EmbeddingSimilarity,nll-test,Bleu-2,Bleu-3,Bleu-4,Bleu-5,
1,-0.01586891944523973,1.5463563,0.4089101548249777,0.1658122600242806,0.09183773478436377,0.06779284859603041,
11,-0.010854583463760784,0.9625703,0.7151559227696291,0.4691487762069744,0.27943217638144646,0.17041620452050923,
21,-0.01033799766523685,0.8444783,0.7333006598923897,0.4981719297896245,0.3067409901650695,0.18985670179226075,
31,-0.01004477490776912,0.80253667,0.7284748346324,0.49008551658042193,0.3003331039393344,0.1862438095233861,
41,-0.01013908788396124,0.782913,0.727325332637583,0.4892201824268983,0.3011903066918727,0.18711352404396325,
51,-0.01036832690766652,0.76322067,0.7291044686742958,0.491767410914139,0.30239331328616825,0.1883697081500903,
61,-0.010707080268946156,0.75549394,0.728663037185768,0.4911211093394911,0.3007449343604874,0.1865000511440171,
71,-0.010096078213481718,0.73764485,0.7353842032922386,0.5023004067662433,0.31074586506903146,0.19377397738459845,
